/tmp/,B2QB1,singleSelectKeyNameFor3DesEncryption,5
/tmp/,B2QB1,processEncryptDecrypt3DesPublicKey,5
/tmp/,B2QB1,processGetEncryptAndDecrypt3DesPublicKey,5
/tmp/,B2QB1,massiveSelectCustomerInformation,10
/tmp/,B2QB1,prCustomerCreditOperationDebt,1
/tmp/,B2QB1,massiveSelectLoanDisbursementAndAccountTypesByProduct,9
/tmp/,B2QB1,ws_massiveSelectSalesServiceDocuments,9
/tmp/,B2QB1,msLegalPersonLoginAndProfile,1
/tmp/,B2QB1,msLegalPersonBeneficiaryScheduleByAlias,1
/tmp/,B2QB1,msLegalPersonProfileAccounts,9
/tmp/,B2QB1,msDenouncementOrDemand,9
/tmp/,B2QB1,msStatementCurrentAccountApp,9
/tmp/,B2QB1,msAccountStatementNewInstant,9
/tmp/,B2QB1,msAccountInformationByRutAndSequence,1
/tmp/,B2QB1,inProsecutorRequestForAccountApproval,9
/tmp/,B2QB1,msCompanyParticipantsInformation,9
/tmp/,B2QB1,processSealDocumentAcepta,9
/tmp/,B2QB1,singleSelectAccountStatementForeignType_I,1
/tmp/,B2QB1,singleSelectAccountStatementForeignType_O,1
/tmp/,B2QB1,msComexProductByCustomer,9
/tmp/,B2QB1,msCustomerCurrentDebt,9
/tmp/,B2QB1,singleSelectAccountBalance,1
/tmp/,B2QB1,msComexProductExpirationByDateRange,9
/tmp/,B2QB1,ssComexInstallmentOperationDetail,9
/tmp/,B2QB1,msLogMovAccountStatement,9
/tmp/,B2QB1,ssComexCurrentOperationSummary,9
/tmp/,B2QB1,ssSimulationOrFormalizationFinancing,1
/tmp/,B2QB1,singleSelectAccountStatement_I,1
/tmp/,B2QB1,singleSelectAccountStatement_O,1
/tmp/,B2QB1,msComexOperationDetail,9
/tmp/,B2QB1,MassiveSelectCustomerOperationByExample.massiveSelectCustomerOperationByExample,1
/tmp/,B2QB1,inDenouncementIntoSIT,1
/tmp/,B2QB1,msComexExpiredAndPendingOperation,9
/tmp/,B2QB1,msComexCurrentOperationDetail,9
/tmp/,B2QB1,inSinisterFromSIT,1
/tmp/,B2QB1,msComexExpireOperation,9
/tmp/,B2QB1,singleSelectAccountSavingType_I,9
/tmp/,B2QB1,singleSelectAccountSavingType_O,1
/tmp/,B2QB1,msSupportPowerLegalService,9
/tmp/,B2QB1,msInsuranceDenouncementRequirements,9
/tmp/,B2QB1,msSignatoryInfoOperation,9
/tmp/,B2QB1,msInsuranceMUSNumber,9
/tmp/,B2QB1,msSignatoryInfoId,9
/tmp/,B2QB1,massiveSelectRegisteredAccounts,1
/tmp/,B2QB1,massiveSelectCustomerOperationsAndProducts,1
/tmp/,B2QB1,singleSelectPayerAndReceiverProductForRUTPayment,9
/tmp/,B2QB1,msEftTransferTypeDescription,9
/tmp/,B2QB1,processActivateEnrollmentVeritran,1
/tmp/,B2QB1,inInsuranceSinisterComplementary,9
/tmp/,B2QB1,msDenouncementByCustomer,9
/tmp/,B2QB1,processLoanInstallment,1
/tmp/,B2QB1,msLocalByBusiness,9
/tmp/,B2QB1,processAgreement,1
/tmp/,B2QB1,massiveSelectSettingDocumentFromDocumentaryMatrix,9
/tmp/,B2QB1,prDocumentManagerATM_db,1
/tmp/,B2QB1,singleSelectScannedDocumentFromFilenet.singleSelectScannedDocumentFromFilenet,1
/tmp/,B2QB1,prDocumentManagerATM,1
/tmp/,B2QB1,prReserveFunds,9
/tmp/,B2QB1,prCalculateApprovedFogapeReactivation,9
/tmp/,B2QB1,processManagementMessageSaving,150
/tmp/,B2QB1,prQuotaReservationSAFU,9
/tmp/,B2QB1,prRegisterRenegotiation,9
/tmp/,B2QB1,prCatchmentAndPaymentAuthorization,9
/tmp/,B2QB1,msChecksDateFilter,1
/tmp/,B2QB1,processScannedDocumentGetTemplateSaveAndCreate,1
/tmp/,B2QB1,processAccountValidateStatusAndOpeningSavingType,19
/tmp/,B2QB1,upRenegRenewRequesQuotaStatus,9
/tmp/,B2QB1,processScannedDocumentBase64Creator,1
/tmp/,B2QB1,msCustomerMandateObjection,9
/tmp/,B2QB1,insertScannedDocumentIntoFilenet,1
/tmp/,B2QB1,cl.bech.ReportExceptionMail.ReportingMail,1
/tmp/,B2QB1,cl.bech.ReportExceptionFile.ReportingFile,1
/tmp/,B2QB1,cl.bech.publish.Publisher,1
/tmp/,B2QB1,cl.bech.subscribe.Subscriber,1
/tmp/,B2QB1,msCustomerSpecialConditions,1
/tmp/,B2QB1,processAccountUpgradeLevelCRUT_I,1
/tmp/,B2QB1,processAccountUpgradeLevelCRUT_O,1
/tmp/,B2QB1,web_processDynamicAuthenticationChallenge,1
/tmp/,B2QB1,web_verifyDynamicAuthentication,9
/tmp/,B2QB1,msCardDbChipRetractionSaleDays,10
/tmp/,B2QB1,msLoanCapitalMarketOperations,1
/tmp/,B2QB1,massiveSelectCustomerContactsByClient,9
/tmp/,B2QB1,msLoanProductsRelationship,1
/tmp/,B2QB1,massiveSelectCompleteCustomerInformation_O,1
/tmp/,B2QB1,massiveSelectCompleteCustomerInformation_I,1
/tmp/,B2QB1,massiveSelectAccount,9
/tmp/,B2QB1,massiveSelectCreditCardAdditionalsByCustomer,9
/tmp/,B2QB1,msAgreementRegisteredMobileRecharge,9
/tmp/,B2QB1,massiveSelectCustomerCurrentAddress_I,10
/tmp/,B2QB1,massiveSelectCustomerCurrentAddress_O,10
/tmp/,B2QB1,massiveSelectElectronicsContactByCustomer,1
/tmp/,B2QB1,msAccountLegalPersonCurrencyBalance,9
/tmp/,B2QB1,prDocumentIPSMassiveBlock,9
/tmp/,B2QB1,processSendNotificationVeritran,1
/tmp/,B2QB1,vlCustomerIdentificationFromSinacofi,1
/tmp/,B2QB1,msCustomerBeneficiariesDiary,9
/tmp/,B2QB1,massiveSelectEftTransferByAttorney,1
/tmp/,B2QB1,msCustomerBeneficiaryStatus,9
/tmp/,B2QB1,ssFactoringCurrentBalance,9
/tmp/,B2QB1,processEftTransferMobilePaymentsVeritran_I,1
/tmp/,B2QB1,msCreditCardAssociatedQualifyForPayment,9
/tmp/,B2QB1,msComexBeneficiary,9
/tmp/,B2QB1,msOfficerBranch,9
/tmp/,B2QB1,msBranchGeneralTables,9
/tmp/,B2QB1,msComexCountries,9
/tmp/,B2QB1,msAgreementPaymentCash,9
/tmp/,B2QB1,inProviderToFactoring,9
/tmp/,B2QB1,validateOTPVeritran,1
/tmp/,B2QB1,msComexBeneficiaryDetail,9
/tmp/,B2QB1,processBipCardRechargeAndNotify,1
/tmp/,B2QB1,inInsuranceSinisterCoverage,9
/tmp/,B2QB1,msCustomerMandate,9
/tmp/,B2QB1,massiveSelectLoanCapitalMarketOperationsByCustomer,1
/tmp/,B2QB1,BRK2CICS,100
/tmp/,B2QB1,calculateInsurancesInstallmentsAndCAE,9
/tmp/,B2QB1,prComexOdPBeneficiary,9
/tmp/,B2QB1,msSupportMaterialMasterType,9
/tmp/,B2QB1,singleSelectCreditCardInstallmentCAE_I,9
/tmp/,B2QB1,singleSelectCreditCardInstallmentCAE_O,9
/tmp/,B2QB1,processCalculateInsurancesInstallmentsAndCAE_O,1
/tmp/,B2QB1,processCalculateInsurancesInstallmentsAndCAE_I,1
/tmp/,B2QB1,msCustomerLegalPersonProfile,9
/tmp/,B2QB1,prCommitteePresentationForRiskEvaluation,1
/tmp/,B2QB1,prAgreementWithKeyFromServiex,9
/tmp/,B2QB1,prCommitteeRecordForRiskEvaluation,1
/tmp/,B2QB1,massiveSelectCustomerContacts_I,19
/tmp/,B2QB1,massiveSelectCustomerContacts_O,1
/tmp/,B2QB1,prCommercialFilterForRiskEvaluation,1
/tmp/,B2QB1,inXperianXMLMessage,1
/tmp/,B2QB1,massiveSelectCustomerAddressComplete,9
/tmp/,B2QB1,prAgreementDetailsWithKeyFromServiex,9
/tmp/,B2QB1,ssOpeDataApproved,9
/tmp/,B2QB1,ssNumOpeApproved,9
/tmp/,B2QB1,getReportData,9
/tmp/,B2QB1,getBranchInformation,9
/tmp/,B2QB1,getRegistrySent,9
/tmp/,B2QB1,prOperESEApproved,9
/tmp/,B2QB1,updateRegardingEcoActy,9
/tmp/,B2QB1,updateNoRegarding,9
/tmp/,B2QB1,updateRegardingRequest,9
/tmp/,B2QB1,msCompanyAndAttorney,9
/tmp/,B2QB1,massiveSelectAccountProtestedChecks,1
/tmp/,B2QB1,singleSelectCustomerValidContext,9
/tmp/,B2QB1,msCustomerPaymentInformation,9
/tmp/,B2QB1,prCustomerPaymentDocument,9
/tmp/,B2QB1,msJudicialPowerTermDepositOperation,9
/tmp/,B2QB1,massiveSelectScannedDocumentByOperation,1
/tmp/,B2QB1,msComexDisbursementRequest,9
/tmp/,B2QB1,msComexCities,1
/tmp/,B2QB1,msCurrencyBalance,9
/tmp/,B2QB1,msCustomerProtestedMeanType,9
/tmp/,B2QB1,msComexLogRequest,9
/tmp/,B2QB1,msComexOdPRequest,9
/tmp/,B2QB1,msComexOdPBeneficiary,9
/tmp/,B2QB1,ssRateFundCost,9
/tmp/,B2QB1,massiveSelectGeneralCodesFromDocumentOperationRelationship,1
/tmp/,B2QB1,prComexPaymentOrder,9
/tmp/,B2QB1,prComexBeneficiaryPayment,9
/tmp/,B2QB1,prComexOdPSecondSignature,9
/tmp/,B2QB1,prComexOdPSignature,9
/tmp/,B2QB1,dlOperRateFundCost,9
/tmp/,B2QB1,inOperRateFundCost,9
/tmp/,B2QB1,ws_massiveSelectSalesServiceDocuments,1
/tmp/,B2QB1,msCapitalMarketOperationByProdAndType,9
/tmp/,B2QB1,msCustomerOperationAssociated,1
/tmp/,B2QB1,massiveSelectLoanInstallmentsCredit,1
/tmp/,B2QB1,massiveSelectCreditCardCurrentAndValid,1
/tmp/,B2QB1,msCreditCardLastMovNMO,1
/tmp/,B2QB1,msSupportMaterialMaster,9
/tmp/,B2QB1,FtpFlow,1
/tmp/,B2QB1,msProfileProductServices,9
/tmp/,B2QB1,mdInsuranceSIACWorkstation,mdInsuranceSIACWorkstation
/tmp/,B2QB1,mdInsuranceSIACWorkstation,9
/tmp/,B2QB1,vrCustomerBECHSBIFDebts,9
/tmp/,B2QB1,msComexOperationInArrears,9
/tmp/,B2QB1,prFactoringRestrictiveIndicator,9
/tmp/,B2QB1,prPaymentCapacityForRiskEvaluation,1
/tmp/,B2QB1,ssEmailInterfaceForDigitalCertificate,1
/tmp/,B2QB1,ssComexOperationDetail,9
/tmp/,B2QB1,vlRenegRenewSISCREDOperation,1
/tmp/,B2QB1,prFactoringEPPControl,9
/tmp/,B2QB1,prInquiringCustomerDataForRiskEvaluation,1
/tmp/,B2QB1,massiveSelectDemographicDataAndActiveOperation,1
/tmp/,B2QB1,msComexFutureFlowOperationDetail,9
/tmp/,B2QB1,prDocumentProtestedDefaulter,9
/tmp/,B2QB1,ssComexHistoricalOperationSummary,9
/tmp/,B2QB1,msComexFutureFlowOperationDetailByRange,9
/tmp/,B2QB1,prOfferEvaluationForRiskEvaluation,1
/tmp/,B2QB1,massiveSelectLoanAdditionalDataByProduct,1
/tmp/,B2QB1,prPaymentCapInfoForExperianRiskEngine,60
/tmp/,B2QB1,prInternalBaseInfoForExperianRiskEngine,60
/tmp/,B2QB1,prFactoringSocietyValidity,9
/tmp/,B2QB1,inXMLMessageFromExperianEngine,40
/tmp/,B2QB1,prFinalDecisionInfoForExperianRiskEngine,60
/tmp/,B2QB1,prExternalBaseInfoForExperianRiskEngine,40
/tmp/,B2QB1,prCreditCardPaymentValidation,19
/tmp/,B2QB1,processCreateSealAndSendDocumentsCrearDoc,50
/tmp/,B2QB1,processCreateSealAndSendDocumentsRegistro,50
/tmp/,B2QB1,processCreateSealAndSendDocumentsSellado,50
/tmp/,B2QB1,processCreateSealAndSendDocumentsMain,50
/tmp/,B2QB1,processCreateSealAndSendDocumentsCustodia,50
/tmp/,B2QB1,processCreateSealAndSendDocumentsEncriptadoEmail,50
/tmp/,B2QB1,processCreateSealAndSendDocumentsRDO,50
/tmp/,B2QB1,msAgreementDetail,9
/tmp/,B2QB1,msCancelledExecution,9
/tmp/,B2QB1,msAgreementExecutionDetail,9
/tmp/,B2QB1,msUsersByCustomer,9
/tmp/,B2QB1,msAuditLog,9
/tmp/,B2QB1,msHiredServices,9
/tmp/,B2QB1,msUserAuditLog,9
/tmp/,B2QB1,msChargeSummary,9
/tmp/,B2QB1,msBillingPackage,9
/tmp/,B2QB1,msAgreementExecution,9
/tmp/,B2QB1,msChargeDetail,9
/tmp/,B2QB1,msCustomerByOfficer,9
/tmp/,B2QB1,ssDateRecordedServiexToken,1
/tmp/,B2QB1,latiniaRestApi,9
/tmp/,B2QB1,prGetAndInsertServiexToken,1
/tmp/,B2QB1,inServiexToken,1
/tmp/,B2QB1,processCreateAndSendTokenVeritran,1
/tmp/,B2QB1,massiveSelectCustomerNaturalPersonChecklist,1
/tmp/,B2QB1,massiveSelectTableBoardByTableName,1
/tmp/,B2QB1,massiveSelectCustomerLegalPersonChecklist,1
/tmp/,B2QB1,inXMLMsgFromExperianEngineMicroE,9
/tmp/,B2QB1,prExternalBaseForDAOfMicroE,9
/tmp/,B2QB1,massiveSelectCompanyProfileProductRelated,1
/tmp/,B2QB1,prPaymentCapacityForDAOfMicroE,9
/tmp/,B2QB1,prFinalDecisionForDAOfMicroE,9
/tmp/,B2QB1,msCustomerCommercialSituationReport,9
/tmp/,B2QB1,prInternalBaseForDAOfMicroE,1
/tmp/,B2QB1,insertRequestForEntrepreneurAccount,1
/tmp/,B2QB1,processEftServicePayments,9
/tmp/,B2QB1,msAgreementForServicesPayment,9
/tmp/,B2QB1,prDebtsExcessBankEquity,9
/tmp/,B2QB1,massiveSelectEftAccessionByCustomer.massiveSelectEftAccessionByCustomer,1
/tmp/,B2QB1,msCompanyAttorneyCouple,1
/tmp/,B2QB1,msScannedDocumentAtributesFromFilenet,9
/tmp/,B2QB1,prMassivePaymentBlock,9
/tmp/,B2QB1,massiveSelectSettingDocumentFieldFromDocumentaryMatrix,1
/tmp/,B2QB1,processDocumentManager,1
/tmp/,B2QB1,processUpdateDocument,9
/tmp/,B2QB1,prInsertEncryptAndSendDocument,1
/tmp/,B2QB1,processEncryptDocument,1
/tmp/,B2QB1,processSealDocument,9
/tmp/,B2QB1,deleteScannedDocumentFromDocumentManager,9
/tmp/,B2QB1,updateScannedDocumentFromDocumentManager,9
/tmp/,B2QB1,insertScannedDocumentAndOperationRelationship,1
/tmp/,B2QB1,insertScannedDocumentIntoDocumentManager,1
/tmp/,B2QB1,msEmerixCollectionActions,9
/tmp/,B2QB1,massiveSelectBranchByZone,9
/tmp/,B2QB1,ws_massiveSelectSalesServiceDocuments,1
/tmp/,B2QB1,BECH_BusServices_MapServices,1
/tmp/,B2QB1,BECH_BusServices_MapServices_DBMonitor,1
/tmp/,B2QB1,cl.bech.statemachine.retry.cmx.CMX_RetryTrxTemp,1
/tmp/,B2QB1,cl.bech.statemachine.pendienetes.cmx.SM_RetryPendientes_CMX,1
/tmp/,B2QB1,cl.bech.statemachine.retry.cmx.CMX_RetryTrx,1
/tmp/,B2QB1,processDocumentGetEncryptAndEmailMain,1
/tmp/,B2QB1,processDocumentGetEncryptAndEmail,1
/tmp/,B2QB1,cl.bech.statemachine.Delete.StateMachineDelete,1
/tmp/,B2QB1,cl.bech.statemachine.insert.StateMachineInsert,1
/tmp/,B2QB1,cl.bech.statemachine.update.StateMachineUpdate,1
/tmp/,B2QB1,cl.bancoestado.timer.ReintentoNodoAudit,cl.bancoestado.timer.ReintentoNodoAudit
/tmp/,B2QB1,cl.bancoestado.timer.ReintentoNodoAudit,1
/tmp/,B2QB1,cl.bancoestado.audit.Request_SaveDataBase,cl.bancoestado.audit.Request_SaveDataBase
/tmp/,B2QB1,cl.bancoestado.audit.Request_SaveDataBase,1
/tmp/,B2QB1,cl.bancoestado.timer.Reintentos,cl.bancoestado.timer.Reintentos
/tmp/,B2QB1,cl.bancoestado.timer.Reintentos,1
/tmp/,B2QB1,cl.bancoestado.file.SaveData2File,cl.bancoestado.file.SaveData2File
/tmp/,B2QB1,cl.bancoestado.file.SaveData2File,1
/tmp/,B2QB1,singleSelectPayerAndReceiverProductForRUTPayment,1
/tmp/,B2QB1,massiveSelectCurrentProtestsByCustomerFromSinacofi,1
/tmp/,B2QB1,bech.snf.sncr3501.massiveSelectSocietyConstitutionsAndModifications,1
/tmp/,B2QB1,bech.snf.irut0702.massiveSelectWorkingOffendersBulletinByCustomerFromSinacofi,1
/tmp/,B2QB1,massiveSelectEmployeesByOccupation,1
/tmp/,B2QB1,processAssignAndDeletePermissions,1
/tmp/,B2QB1,singleSelectBudgetItemInformation,1
/tmp/,B2QB1,singleSelectEmployeeStatus,1
/tmp/,B2QB1,singleSelectEmploymentInformationAndMobilitiesByEmployee,1
/tmp/,B2QB1,massiveSelectOccupationsByInstitution,1
/tmp/,B2QB1,verifySupportPublicTokenKey_I,1
/tmp/,B2QB1,processCreditCardInternationalQualification,1
/tmp/,B2QB1,singleSelectBasicDataByProvider,1
/tmp/,B2QB1,massiveSelectProviderStatusAndDocument,1
/tmp/,B2QB1,singleSelectProviderStatusAndDocuments,1
/tmp/,B2QB1,prEftTransferAuthorization,9
/tmp/,B2QB1,prGetAndFilterAttorneyProfile,1
/tmp/,B2QB1,mdDocumentIPSStatus,1
/tmp/,B2QB1,prFactoringSendEmail,1
/tmp/,B2QB1,msLegalPersonExchangeCurrencyBalance,9
/tmp/,B2QB1,singleSelectCustomerData_O,9
/tmp/,B2QB1,singleSelectCustomerData_I,1
/tmp/,B2QB1,msEftTransferReceivedDetail,9
/tmp/,B2QB1,msCustomerAttorneyInformation,1
/tmp/,B2QB1,massiveSelectSupportUserWorkstation,9
/tmp/,B2QB1,ssCustomerTrackingMarks,9
/tmp/,B2QB1,ssCustomerExperianService,9
/tmp/,B2QB1,msPaymentOrder,9
/tmp/,B2QB1,msEfTransferRequestByFilters,9
/tmp/,B2QB1,ssCustomerXMLEngine,9
/tmp/,B2QB1,msCustomerEftTransfers,9
/tmp/,B2QB1,inInsuranceSinisterDenouncement,9
/tmp/,B2QB1,vrCustomerTable,1
/tmp/,B2QB1,vrCustomerPensionOffense,9
/tmp/,B2QB1,ssCustomerServiceNumber,9
/tmp/,B2QB1,cl.bech.esb.core.ESB2CICS,99
/tmp/,B2QB1,mdCustomerEXPInfo,9
/tmp/,B2QB1,msOperationInformationDetail,9
/tmp/,B2QB1,inOperationObjectionInfo,9
/tmp/,B2QB1,msSupportObjectionType,9
/tmp/,B2QB1,msOperationDetail,9
/tmp/,B2QB1,msOperationFilterId,9
/tmp/,B2QB1,msOperationDetailFilter,9
/tmp/,B2QB1,phaseTwoReverse,9
/tmp/,B2QB1,ssSAFUElegibilityAndAmount,9
/tmp/,B2QB1,executeReserve,9
/tmp/,B2QB1,getOperationType,9
/tmp/,B2QB1,calculateMinMaxDate,9
/tmp/,B2QB1,getApplicationStatus,9
/tmp/,B2QB1,getBillingDocuments,9
/tmp/,B2QB1,getDocumentTypes,9
/tmp/,B2QB1,msBranchByZoneRollbackTest,9
/tmp/,B2QB1,massiveSelectMutualFundAndAPVConsolidatedBalance,1
/tmp/,B2QB1,vrOfferAmountDebtWebApp,9
/tmp/,B2QB1,prPortalIntegration,9
/tmp/,B2QB1,vrFactoringCustomerGuarantees,9
/tmp/,B2QB1,msFundSourceRequest,9
/tmp/,B2QB1,massiveSelectCardDbChangesForInternationalUse,1
/tmp/,B2QB1,msCompanyPropertyStructure,9
/tmp/,B2QB1,massiveSelectCreditCardUseTypeAndSubproductRelationship,1
/tmp/,B2QB1,massiveSelectCreditCardForInternationalHabilitation,1
/tmp/,B2QB1,massiveSelectCreditCardInternationalHabilitationRequestType,1
/tmp/,B2QB1,massiveSelectCreditCardGeneralTables,1
/tmp/,B2QB1,msInsuranceByCustomer,9
/tmp/,B2QB1,ssFactoringWebOperation,9
/tmp/,B2QB1,vlRenewalLoanInformation,9
/tmp/,B2QB1,ssRenegRenewRequestDetail,9
/tmp/,B2QB1,vlRenegRenewLoanInformation,9
/tmp/,B2QB1,msChecksBySerialNumberRange,1
/tmp/,B2QB1,msChecksByDateRange,1
/tmp/,B2QB1,ssInsuranceDetail,1
/tmp/,B2QB1,singleSelectDocumentImagesDisplay,19
/tmp/,B2QB1,processEncryptDecriptDataKey,1
/tmp/,B2QB1,inInsuranceCustomer,9
/tmp/,B2QB1,massiveSelectAuthorizedPayrollDetail,1
/tmp/,B2QB1,massiveSelectPayrollDetail,1
/tmp/,B2QB1,massiveSelectAttorneyWithRestrictions,1
/tmp/,B2QB1,massiveSelectCustomerPayrollWithoutAuthorization,1
/tmp/,B2QB1,massiveSelectAuthorizedPayrollWithPendingSecondAuthorization,1
/tmp/,B2QB1,insertPayrollForContingency,1
/tmp/,B2QB1,massiveSelectExchangeCurrencyOpeningOperationsForSupervisorApproval,9
/tmp/,B2QB1,massiveSelectExchangeCurrencyPaymentMethodByBranch,9
/tmp/,B2QB1,massiveSelectExchangeCurrencyTradeCodesforInternationalOperations,9
/tmp/,B2QB1,processExchangeCurrencyCCNCustomer,9
/tmp/,B2QB1,processExchangeCurrencyOperation,9
/tmp/,B2QB1,processExchangeCurrencyRecordSheets,9
/tmp/,B2QB1,processExchangeCurrencyRecordSheetsArbitrage,9
/tmp/,B2QB1,massiveSelectExchangeCurrencyLogMovOperation,9
/tmp/,B2QB1,massiveSelectExchangeCurrencyOpeningOperationsForSupervisor,9
/tmp/,B2QB1,massiveSelectExchangeCurrencyOperationsByDate,9
/tmp/,B2QB1,massiveSelectExchangeCurrencyOperationsBySheetNumber,1
/tmp/,B2QB1,massiveSelectExchangeCurrencyCountries,9
/tmp/,B2QB1,verifyExchangeCurrencyOperationForInjection,9
/tmp/,B2QB1,verifyExchangeCurrencySupervisorForOperation,9
/tmp/,B2QB1,insertExchangeCurrencyObservationsOperation,9
/tmp/,B2QB1,insertExchangeCurrencyOperationMovs,9
/tmp/,B2QB1,singleSelectExchangeCurrencyCommission,9
/tmp/,B2QB1,singleSelectExchangeCurrencyFinesseTransactionNumber,9
/tmp/,B2QB1,singleSelectExchangeCurrencyOperation,9
/tmp/,B2QB1,singleSelectExchangeCurrencyOperationNumber,9
/tmp/,B2QB1,singleSelectExchangeCurrencyTaxInformation,9
/tmp/,B2QB1,updateExchangeCurrencyStatusOperation,9
/tmp/,B2QB1,cl.bech.statemachine.update.StateMachineUpdateDetalle,1
/tmp/,B2QB1,cl.bech.statemachine.read.StateMachineReadDetalle,1
/tmp/,B2QB1,cl.bech.statemachine.delete.StateMachineDelete,1
/tmp/,B2QB1,cl.bech.statemachine.update.StateMachineUpdate,1
/tmp/,B2QB1,cl.bech.statemachine.read.StateMachineRead,1
/tmp/,B2QB1,cl.bech.statemachine.insert.StateMachineInsert,1
/tmp/,B2QB1,sendSMS,9
/tmp/,B2QB1,massiveSelectPayrollDeliveryNumberForContingency,1
/tmp/,B2QB1,massiveSelectAuthorizedPayrollWithPendingSecondProvision,1
/tmp/,B2QB1,massiveSelectSignerAttorneyForAuthorization,1
/tmp/,B2QB1,massiveSelectAttorneyByProvision,1
/tmp/,B2QB1,massiveSelectActiveAgreementByCustomer,1
/tmp/,B2QB1,massiveSelectPayrollByStatus,1
/tmp/,B2QB1,massiveSelectPayrollStatusDescription,1
/tmp/,B2QB1,massiveSelectAuthorizedPayrollWithoutProvision,1
/tmp/,B2QB1,singleSelectFileSignaturesNumber,1
/tmp/,B2QB1,ssEftTransferEmailRecordTransaction,9
/tmp/,B2QB1,processSecondSignatureAuthorizationStatus,1
/tmp/,B2QB1,inAttorneyDataForVoucher,1
/tmp/,B2QB1,insertAttorneySignatureForPayrollProvision,1
/tmp/,B2QB1,processFileTransferAndPayrollStatus,1
/tmp/,B2QB1,deleteAttorneySignatureAboutPayrollAuthoritation,1
/tmp/,B2QB1,insertAttorneyAuthorizationSignature,1
/tmp/,B2QB1,insertSignaturePayrollForContingency,1
/tmp/,B2QB1,updateAttorneySignatureDateOfFileTransmission,1
/tmp/,B2QB1,inAttorneyDataForTransferVoucher,1
/tmp/,B2QB1,deleteAttorneySignatureForAuthorization,1
/tmp/,B2QB1,inEmailTransactionRecord,1
/tmp/,B2QB1,msSubProductTypeRelationship,9
/tmp/,B2QB1,inSupportPacketCode,9
/tmp/,B2QB1,msCheckbookRepositoryRequest,9
/tmp/,B2QB1,prCustomerAvailablePayment,9
/tmp/,B2QB1,msOPFRecordInformation,9
/tmp/,B2QB1,msOPFPayrollInformation,9
/tmp/,B2QB1,msAgreementPaymentFinesse,9
/tmp/,B2QB1,prPrivateTokenKeyForEmbeddedPortal,9
/tmp/,B2QB1,prCurrentInternetRequest,9
/tmp/,B2QB1,prCurrentInternetRequestStatus,9
/tmp/,B2QB1,prMassivePaymentPortalIntegration,19
/tmp/,B2QB1,ssCurrentInternetRequest,9
/tmp/,B2QB1,processActivateTokenVeritran,1
/tmp/,B2QB1,processActivateTokenOSVeritran,1
/tmp/,B2QB1,processEncryption,1
/tmp/,B2QB1,getSecurityTokenKey,9
/tmp/,B2QB1,processCreateTokenVeritran,1
/tmp/,B2QB1,processEnrollmentByCoordinatesVeritran,9
/tmp/,B2QB1,inDocumentControlOper,9
/tmp/,B2QB1,prFactoringCurrentException,9
/tmp/,B2QB1,prLotsDivision,9
/tmp/,B2QB1,inInsuranceBinnacle,1
/tmp/,B2QB1,processEftTransferPaymentsCashDeposit,9
/tmp/,B2QB1,ssLoanMortgageOperationOffer,9
/tmp/,B2QB1,sendAsyncEmail,50
/tmp/,B2QB1,EnviaMail,50
/tmp/,B2QB1,massiveSelectAgreementSummary,1
/tmp/,B2QB1,MassiveSelectCustomerOperationByExample.massiveSelectCustomerOperationByExample,1
/tmp/,B2QB1,massiveSelectCustomerOperation_I,9
/tmp/,B2QB1,massiveSelectCustomerOperation_O,1
/tmp/,B2QB1,massiveSelectCustomerSocialSecurityContributions,1
/tmp/,B2QB1,processGetAndSaveSocialSecurityContributions,9
/tmp/,B2QB1,msComexInstitution,1
/tmp/,B2QB1,inCustomerStatusMovs,9
/tmp/,B2QB1,msSupportPlasticExpiredAlert,1
/tmp/,B2QB1,msChecksTracking,9
/tmp/,B2QB1,msTrackingDocuments,9
/tmp/,B2QB1,msComexCustomerBeneficiary,9
/tmp/,B2QB1,msSystemStatus,9
/tmp/,B2QB1,msOperationObjectionType,9
/tmp/,B2QB1,msOperationPacketCode,9
/tmp/,B2QB1,msStockBranchesListed,9
/tmp/,B2QB1,msCustomerOperStatus,9
/tmp/,B2QB1,massiveSelectDocumentInformationForQuadrature,1
/tmp/,B2QB1,massiveSelectQuadratureOperationsBetweenDates,1
/tmp/,B2QB1,massiveSelectQuadraturePendingOperations,1
/tmp/,B2QB1,massiveSelectEftTransferToOtherInstitution,1
/tmp/,B2QB1,massiveSelectZoneByRegion,9
/tmp/,B2QB1,msCustomerOperationProductBalance,9
/tmp/,B2QB1,inOperationIntoPaymentEngine,9
/tmp/,B2QB1,TestCICS,1
/tmp/,B2QB1,StateMachineSP_Update,50
/tmp/,B2QB1,StateMachineSP_Delete,50
/tmp/,B2QB1,StateMachineSP_Insert,1
/tmp/,B2QB1,stateMachineRetryGeneric,1
/tmp/,B2QB1,processDocumentCreditBatchHipotecario,1
/tmp/,B2QB1,processDocumentCreditBatch,9
/tmp/,B2QB1,massiveSelectPartnersWithAssignedCapabilitiesAndLimits.massiveSelectPartnersWithAssignedCapabilitiesAndLimits,1
/tmp/,B2QB1,massiveSelectCustomerLegalPersonAndParticipants.massiveSelectCustomerLegalPersonAndParticipants,1
/tmp/,B2QB1,massiveSelectSocietyAndPowerCapabilities.massiveSelectSocietyAndPowerCapabilities,1
/tmp/,B2QB1,vlCustomerVeritranAppForSoftTokenUse,19
/tmp/,B2QB1,massiveSelectCustomerInsuranceOperations,1
/tmp/,B2QB1,massiveSelectInsuranceContractData,1
/tmp/,B2QB1,prPaymentConfirmMethodTGRDebts,9
/tmp/,B2QB1,msGetTGRDebts,9
/tmp/,B2QB1,prGetTokenTGR,9
/tmp/,B2QB1,msSupportTrackingNumberedMedia,9
/tmp/,B2QB1,singleSelectExchangeCurrencyValueDecrease,1
/tmp/,B2QB1,singleSelectUSDDolarValueDecrease,1
/tmp/,B2QB1,inInsuranceSITSinister,9
/tmp/,B2QB1,msCreditCardSegmentParameter,9
/tmp/,B2QB1,msCustomerPensionLaborOffense,9
/tmp/,B2QB1,singleSelectUserWorkplace,9
/tmp/,B2QB1,msSupportUserStock,9
/tmp/,B2QB1,msNumberedPaymentMethod,9
/tmp/,B2QB1,singleSelectUserAndServerProfile,9
/tmp/,B2QB1,massiveSelectUserAccessLink,9
/tmp/,B2QB1,msUnnumberedPaymentMethod,9
/tmp/,B2QB1,validateCustomerIdentificationForMobileAccess,19
/tmp/,B2QB1,verifyCustomerIdentification,1
/tmp/,B2QB1,prGetOTPVeritran,9
/tmp/,B2QB1,validateOTPPayerAndReceiverVeritran,9
/tmp/,B2QB1,validateUserAndPasswordATMForMobilePayments,9
